{
  "name": "Elk Alert from Logz.io",
  "form": "a523359e-d77d-4bdf-9426-bcd2f37fb6eb",
  "blocks": [
    {
      "id": "d06f51a3-6e2c-4612-be4e-c64cb3153929",
      "label": "Acknowledge",
      "environment": "HOSTED",
      "presentation": "{}",
      "step": "718e9d74-4444-4dd9-b36e-37bd6e1b907f",
      "stepType": "INTEGRATION"
    },
    {
      "id": "963a9f86-28b1-40fa-aab9-850734611cc6",
      "label": "Create Event - Elk Alert from Logz.io",
      "environment": "HOSTED",
      "presentation": "{\"w\":60,\"x\":220,\"h\":60,\"y\":40}",
      "step": "a523359e-d77d-4bdf-9426-bcd2f37fb6eb",
      "stepType": "CREATE_EVENT",
      "inputMappings": [
        {
          "inputPort": "input",
          "mapping": "${db8c9d88-0f62-4e97-b0cf-eafaedb187bc.message}",
          "sectionItemKey": "fd436ed5-26d2-4350-adb0-969bc183e099"
        },
        {
          "inputPort": "input",
          "mapping": "${db8c9d88-0f62-4e97-b0cf-eafaedb187bc.alert_severity}",
          "sectionItemKey": "2fdcbe59-fbeb-4164-b9a8-8a490bc3232f"
        },
        {
          "inputPort": "input",
          "mapping": "${db8c9d88-0f62-4e97-b0cf-eafaedb187bc.text}",
          "sectionItemKey": "80a97452-1d55-4aff-884b-e5cb3d643ce8"
        },
        {
          "inputPort": "input",
          "mapping": "${db8c9d88-0f62-4e97-b0cf-eafaedb187bc.alert_title}",
          "sectionItemKey": "dbda7e16-b916-493a-8094-6629986e5d66"
        },
        {
          "inputPort": "input",
          "mapping": "${db8c9d88-0f62-4e97-b0cf-eafaedb187bc.alert_event_samples}",
          "sectionItemKey": "a699c0b2-f6b0-48b3-8651-d20d9ace6673"
        }
      ]
    },
    {
      "id": "db8c9d88-0f62-4e97-b0cf-eafaedb187bc",
      "label": "Elk Alert from Logz.io - Inbound from Logz.io",
      "environment": "HOSTED",
      "presentation": "{\"w\":60,\"x\":0,\"h\":60,\"y\":40}",
      "step": "be26f7fb-1c89-4703-b03e-2171304f7d1f",
      "stepType": "INTEGRATION"
    },
    {
      "id": "74e2f6b2-359e-48cd-af20-6baf6808cc78",
      "label": "Ignore",
      "environment": "HOSTED",
      "presentation": "{}",
      "step": "863c3d69-b9d4-4d9b-8104-b9b06c416838",
      "stepType": "INTEGRATION"
    },
    {
      "id": "4b5de9dc-6f03-48f5-b85e-98e2e91dbdfc",
      "label": "Responses",
      "environment": "HOSTED",
      "presentation": "{\"w\":100,\"x\":0,\"h\":50,\"y\":260}",
      "stepType": "RESPONSES"
    }
  ],
  "edges": [
    {
      "fromBlock": "db8c9d88-0f62-4e97-b0cf-eafaedb187bc",
      "fromPort": "output",
      "toBlock": "963a9f86-28b1-40fa-aab9-850734611cc6",
      "toPort": "input"
    }
  ]
}