{
  "integrations": [
    {
      "id": "b1c9970f-7b56-4f69-bf71-d57aca9ffb14",
      "name": "Logz.io integration",
      "action": "CREATE_EVENT",
      "type": "INBOUND_WEBHOOK",
      "deployed": true,
      "form": "5e885cdb-93d1-4782-b90b-bd1cb83ff8e7",
      "script": "\nvar data = JSON.parse( request.body );\n\n\nproperties = {\n  \"alert_title\": data.alert_title,\n  \"message\": data.message,\n  \"alert_severity\": data.alert_severity,\n  \"alert_event_samples\": data.alert_event_samples,\n  \"text\": data.text,\n};\n\n\nconsole.log( 'Response payload: ' + JSON.stringify( trigger ) );\n\n\ntrigger.properties = properties;\n\nform.post( trigger );\n",
      "environment": "HOSTED"
    }
  ],
  "endpoints": [],
  "constants": []
}