{
  "integrations": [
    {
      "id": "8bb66b53-ea16-4da4-b243-9c523daf18da",
      "name": "Logz.io integration",
      "action": "CREATE_EVENT",
      "type": "INBOUND_WEBHOOK",
      "deployed": true,
      "form": "205b29cc-d87f-4d07-b89d-04b112504da2",
      "script": "/*\n * To use functions that are defined in a shared library, import\n * the shared library using the require function. You can then\n * access the functions in the shared library. Shared library names\n * are case-sensitive.\n *\n * The following statements show how to use a function named 'myFunction'\n * that is included in a shared library named 'My Shared Library'.\n *\n * var mySharedLibrary = require('My Shared Library');\n * var message = mySharedLibrary.myFunction();\n */\n\nvar data = JSON.parse(request.body);\nproperties = {};\nproperties.alert_name = data.alert_name;\n\nconsole.log(properties.alert_name);\n\nvar trigger = JSON.stringify({\n\t\"properties\": {\n  \"alert_title\": data.alert_title,\n  \"message\": data.message,\n  \"alert_severity\": data.alert_severity,\n  \"alert_event_samples\": data.alert_event_samples,\n  \"text\": data.text,\n}\n\t\t\n\t\n});\n\n//\"recipients\" : [ {\"targetName\": callback.recipient } ]\nconsole.log( 'Response payload: ' + JSON.stringify( trigger ) );\nvar req = http.request({\nmethod: 'POST',\nendpoint: 'xMatters',\npath: '/reapi/2015-04-01/forms/205b29cc-d87f-4d07-b89d-04b112504da2/triggers',\nheaders: {\n'Content-Type': 'application/json'\n}\n});\nreq.write(trigger);\n\n",
      "environment": "HOSTED"
    }
  ],
  "endpoints": [],
  "constants": []
}