{
  "integrations": [
    {
      "id": "718e9d74-4444-4dd9-b36e-37bd6e1b907f",
      "name": "Elk Alert from Logz.io - Acknowledge",
      "action": "RUN_SCRIPT",
      "type": "OUTBOUND_WEBHOOK",
      "triggeredBy": "RESPONSE",
      "responseChoice": "Acknowledge",
      "deployed": true,
      "form": "a523359e-d77d-4bdf-9426-bcd2f37fb6eb",
      "environment": "HOSTED",
      "authType": "NONE",
      "createdBy": "FLOW"
    },
    {
      "id": "863c3d69-b9d4-4d9b-8104-b9b06c416838",
      "name": "Elk Alert from Logz.io - Ignore",
      "action": "RUN_SCRIPT",
      "type": "OUTBOUND_WEBHOOK",
      "triggeredBy": "RESPONSE",
      "responseChoice": "Ignore",
      "deployed": true,
      "form": "a523359e-d77d-4bdf-9426-bcd2f37fb6eb",
      "environment": "HOSTED",
      "authType": "NONE",
      "createdBy": "FLOW"
    },
    {
      "id": "be26f7fb-1c89-4703-b03e-2171304f7d1f",
      "name": "Elk Alert from Logz.io - Inbound from Logz.io",
      "action": "RUN_SCRIPT",
      "type": "INBOUND_WEBHOOK",
      "deployed": true,
      "form": "a523359e-d77d-4bdf-9426-bcd2f37fb6eb",
      "environment": "HOSTED",
      "authType": "URL",
      "createdBy": "FLOW",
      "integrationScriptStepUuid": "68c1c5cd-7061-43dd-a359-8b7d28ce080d"
    }
  ],
  "endpoints": [],
  "constants": []
}