[
  {
    "id": "68c1c5cd-7061-43dd-a359-8b7d28ce080d",
    "name": "Inbound from Logz.io",
    "description": "",
    "icon": "/static/images/script_steps/http-trigger.png",
    "script": "var data = JSON.parse( request.body );\n\noutput[\"alert_title\"] = data.alert_title;\noutput[\"message\"] = data.message;\noutput[\"alert_severity\"] = data.alert_severity;\noutput[\"alert_event_samples\"] = data.alert_event_samples;\noutput[\"text\"] = data.text;\n",
    "allowedEnvironment": "HOSTED",
    "accessibleByAll": "NotShared",
    "triggerAuthType": "URL_AUTH",
    "scriptStepType": "CUSTOM_HTTP",
    "inputs": [],
    "outputs": [
      {
        "id": "76dc8138-1ab5-4ba9-add5-5da2a70b8d91",
        "name": "alert_title",
        "position": 0
      },
      {
        "id": "0ad8b240-91b3-48c5-a960-6cd99b1fc6ea",
        "name": "message",
        "position": 1
      },
      {
        "id": "0a34e9e9-f32b-450f-b2d0-7bce54ef69cf",
        "name": "alert_severity",
        "position": 2
      },
      {
        "id": "97f83abc-b481-443f-9449-0a373af0e11c",
        "name": "alert_event_samples",
        "position": 3
      },
      {
        "id": "4b8272fe-95e6-4377-9a1d-c8a133863be6",
        "name": "text",
        "position": 4
      }
    ],
    "libraries": []
  }
]