[
  {
    "baseType": 3,
    "name": "alert_event_samples",
    "defaultValue": "",
    "description": "",
    "helpText": "",
    "isSystem": false,
    "minLength": 0,
    "maxLength": 20000,
    "validationRegex": "",
    "isValidate": false,
    "uuid": "a699c0b2-f6b0-48b3-8651-d20d9ace6673"
  },
  {
    "baseType": 3,
    "name": "alert_severity",
    "defaultValue": "",
    "description": "",
    "helpText": "",
    "isSystem": false,
    "minLength": 0,
    "maxLength": 50,
    "validationRegex": "",
    "isValidate": false,
    "uuid": "2fdcbe59-fbeb-4164-b9a8-8a490bc3232f"
  },
  {
    "baseType": 3,
    "name": "alert_title",
    "defaultValue": "",
    "description": "",
    "helpText": "",
    "isSystem": false,
    "minLength": 0,
    "maxLength": 100,
    "validationRegex": "",
    "isValidate": false,
    "uuid": "dbda7e16-b916-493a-8094-6629986e5d66"
  },
  {
    "baseType": 3,
    "name": "message",
    "defaultValue": "",
    "description": "",
    "helpText": "",
    "isSystem": false,
    "minLength": 0,
    "maxLength": 2000,
    "validationRegex": "",
    "isValidate": false,
    "uuid": "fd436ed5-26d2-4350-adb0-969bc183e099"
  },
  {
    "baseType": 3,
    "name": "text",
    "defaultValue": "",
    "description": "",
    "helpText": "",
    "isSystem": false,
    "minLength": 0,
    "maxLength": 2000,
    "validationRegex": "",
    "isValidate": false,
    "uuid": "80a97452-1d55-4aff-884b-e5cb3d643ce8"
  }
]